{"name":"82fd6a0e-bf85-4e2f-9057-b0ad8e9cb524","id":"/providers/Microsoft.Flow/flows/82fd6a0e-bf85-4e2f-9057-b0ad8e9cb524","type":"Microsoft.Flow/flows","properties":{"apiId":"/providers/Microsoft.PowerApps/apis/shared_logicflows","displayName":"Post to a channel when a webhook request is received","definition":{"metadata":{"workflowEntityId":null,"processAdvisorMetadata":null,"flowChargedByPaygo":null,"flowclientsuspensionreason":"None","flowclientsuspensiontime":null,"flowclientsuspensionreasondetails":null,"creator":{"id":"9d747823-147f-4ceb-9957-00722a4e8984","type":"User","tenantId":"50c4eade-8aa0-432a-8b0c-93eea580bc99"},"provisioningMethod":"FromDefinition","failureAlertSubscription":true,"clientLastModifiedTime":"2024-08-13T08:39:10.2377192Z","connectionKeySavedTimeKey":"2024-08-13T08:39:10.2377192Z"},"$schema":"https://schema.management.azure.com/providers/Microsoft.Logic/schemas/2016-06-01/workflowdefinition.json#","contentVersion":"1.0.0.0","parameters":{"$connections":{"defaultValue":{},"type":"Object"},"$authentication":{"defaultValue":{},"type":"SecureObject"},"teams.group":{"defaultValue":"","type":"String"},"teams.channel":{"defaultValue":"","type":"String"}},"triggers":{"manual":{"metadata":{"operationMetadataId":"3f8ffa7f-a0c3-44e5-ad2f-144ab6448466"},"type":"Request","kind":"TeamsWebhook","inputs":{"schema":{"type":"object","properties":{"type":{"type":"string"},"attachments":{"type":"array","items":{"type":"object","properties":{"contentType":{"type":"string"},"content":{"type":"object","properties":{"$schema":{"type":"string"},"type":{"type":"string"},"version":{"type":"string"},"body":{"type":"array","items":{"type":"object","properties":{"type":{"type":"string"}},"required":["type"]}}}}},"required":["contentType","content"]}}}},"triggerAuthenticationType":"All"}}},"actions":{"Send_each_adaptive_card":{"foreach":"@triggerOutputs()?['body']?['attachments']","actions":{"Post_your_own_adaptive_card_as_the_Flow_bot_to_a_channel":{"runAfter":{},"metadata":{"operationMetadataId":"7cb1800d-d29a-45f0-9139-4493c875b596"},"type":"OpenApiConnection","inputs":{"parameters":{"poster":"Flow bot","location":"Channel","body/recipient/groupId":"69c98ac7-e947-4f2d-b1bf-5027f80a0316","body/recipient/channelId":"19%3APT6V31vAIGlg8QveU_URMvdkZOqo9PMFeJh8vlDjevI1%40thread.tacv2","body/messageBody":"@item()?['content']"},"host":{"apiId":"/providers/Microsoft.PowerApps/apis/shared_teams","connectionName":"shared_teams","operationId":"PostCardToConversation"},"authentication":"@parameters('$authentication')"}}},"runAfter":{},"metadata":{"operationMetadataId":"6ac6d4a7-09db-4932-b2cb-0a10580f25d4"},"type":"Foreach"}},"outputs":{}},"connectionReferences":{"shared_teams":{"connectionName":"shared-teams-6a295dcf-7dee-432c-ae37-cbc1a3d6054a","source":"Embedded","id":"/providers/Microsoft.PowerApps/apis/shared_teams","tier":"NotSpecified"}},"flowFailureAlertSubscribed":false,"isManaged":false}}